"Timestamp","Pick up to 5 themes!"
"2015/11/21 10:53:54 PM GMT+1","evolution;Deeper and Deeper;Potato;The only way forwards is backwards;Die and retry !"
"2015/11/21 10:56:20 PM GMT+1","Black and White;immortality;simulation;Fast-paced;Hacktivism/Hacker"
"2015/11/21 10:58:17 PM GMT+1","life in space;low resolution;No pixelart!;Dungeon;Text based (at most, ascii art)"
"2015/11/21 10:58:20 PM GMT+1","Do unto others...;Inverted Physics;One button/input only;The only way forwards is backwards;the looser is the true winner"
"2015/11/21 10:58:50 PM GMT+1","low resolution;where's my fucking pony?;Fast-paced;Mayonnaise;EVERYTHING IS BASIC SHAPES (like circle or triangle or something, no artist budget needed!)"
"2015/11/21 10:59:45 PM GMT+1","monsters;backwards;bonus ducks;My monkey is funky;In the Darkness"
"2015/11/21 11:00:11 PM GMT+1","4/6 Elements;last one standing;Sandbox;And nothing bad happened YET!;co-op"
"2015/11/21 11:12:15 PM GMT+1","2.5D;instant death;Symmetry;Vertical"
"2015/11/21 11:17:16 PM GMT+1","simulation;Police;RPG;Limited colors;local co-op"
"2015/11/21 11:22:22 PM GMT+1","Double life;against instincts;3 Items;Disconnected;Symmetry"
"2015/11/21 11:29:24 PM GMT+1","evolution;Dragons;Sandbox;Bob Ross;Papaya"
"2015/11/21 11:30:24 PM GMT+1","Banana;Potato;Bob Ross;Papaya;Communist Revolution"
"2015/11/21 11:31:09 PM GMT+1","Sandbox;Inverted Physics;Dank meme game;Bob Ross;Papaya"
"2015/11/21 11:34:57 PM GMT+1","Fast-paced;Ikea all the things;java1.4;Symmetry;This fruit is poisoned"
"2015/11/21 11:35:09 PM GMT+1","where's my fucking pony?;Potato;Be the fav;Mayonnaise;Bob Ross"
"2015/11/21 11:49:48 PM GMT+1","Heavy metal bed time;Game-ception;Rectangle wars;Die and retry !;rage quit"
"2015/11/21 11:52:33 PM GMT+1","life in space;No pixelart!;One button/input only;Bob Ross;twisting classic games/genres"
"2015/11/21 11:57:49 PM GMT+1","monsters;Dragons;Stealth;Adventure platformer with NO weapons OR the ability to kill enemies;This game hates you!"
"2015/11/21 11:57:55 PM GMT+1","evolution;simulation;Spreadsheet;robot masters;Symmetry"
"2015/11/22 12:03:50 AM GMT+1","evolution;Dungeon;RPG;Programmer superhero"
"2015/11/22 12:06:59 AM GMT+1","Black and White;Double life;Deeper and Deeper;karma"
"2015/11/22 12:08:56 AM GMT+1","I like to move it, move it;Dank meme game;Bob Ross;aoe wololo units;Communist Revolution"
"2015/11/22 12:16:41 AM GMT+1","Black and White;immortality;Stealth;cats / kittens;Theme park"
"2015/11/22 12:22:46 AM GMT+1","against instincts;Bob Ross;Cassette;Winter Games Style sports compilation;Large Genre Collider"
"2015/11/22 12:39:22 AM GMT+1","Black and White;last one standing;co-op;the looser is the true winner;local co-op"
"2015/11/22 12:40:38 AM GMT+1","Multiplexer;Cheetahmen III;Black and White;4/6 Elements;Double life"
"2015/11/22 2:19:33 AM GMT+1","Dank memes;Steampunk;Candy Factory Simulator;low gravity;Duel to the death!"
"2015/11/22 2:23:25 AM GMT+1","Black and White;low resolution;Dungeon;RPG;Zombies"
"2015/11/22 2:47:32 AM GMT+1","monsters;immortality;Inverted Physics;Speedrun;low gravity"
"2015/11/22 4:12:03 AM GMT+1","Dragons;Fast-paced;One button/input only;Pirates / Piracy;Zombies"
"2015/11/22 4:55:13 AM GMT+1","Multiplexer;backwards;Day and Night;Epic loot;Symmetry"
"2015/11/22 6:40:21 AM GMT+1","Black and White;Binary Tree;Creatures of the Night;Bob Ross;local co-op"
"2015/11/22 7:09:44 AM GMT+1","breeding animals;evolution;farming;#4b6fad is the new black!;bears are going extinct"
"2015/11/22 8:32:26 AM GMT+1","breeding animals;Cooking;One button/input only;Epic loot;local co-op"
"2015/11/22 9:22:59 AM GMT+1","Double life;farming;Adventure platformer with NO weapons OR the ability to kill enemies;Deserted Island;3 Items"
"2015/11/22 9:26:52 AM GMT+1","Banana;Chickenpocalypse;EVERYTHING IS BASIC SHAPES (like circle or triangle or something, no artist budget needed!);Rythm;Vertical"
"2015/11/22 9:32:31 AM GMT+1","low resolution;Dragons;bonus ducks;Adventure platformer with NO weapons OR the ability to kill enemies;Grappling hook?"
"2015/11/22 9:34:20 AM GMT+1","Sandbox;Dank memes;Pirates / Piracy;Breaking the 4th wall;Time Travel"
"2015/11/22 9:36:56 AM GMT+1","Game-ception;2.5D;Spreadsheet;Text based (at most, ascii art);Symmetry"
"2015/11/22 9:40:56 AM GMT+1","Dragons;No pixelart!;Indirect Control;Grappling hook?;instant death"
"2015/11/22 9:42:19 AM GMT+1","breeding animals;farming;yoyos;Cooking;Cats"
"2015/11/22 9:42:34 AM GMT+1","Plank;3 Items;Candy Factory Simulator;Gluten-free hipster;Time Travel"
"2015/11/22 9:43:38 AM GMT+1","Double life;against instincts;And nothing bad happened YET!;karma;time travel"
"2015/11/22 9:58:49 AM GMT+1","Sandbox;India;cats / kittens;Theme park;Spreadsheet"
"2015/11/22 10:09:01 AM GMT+1","Heavy metal bed time;Avoid the rain!;No pixelart!;Programmer superhero;Communist Revolution"
"2015/11/22 10:09:08 AM GMT+1","evolution;Spooky skeletons;The only way forwards is backwards;Time Travel;Symmetry"
"2015/11/22 10:17:07 AM GMT+1","against instincts;And nothing bad happened YET!;Theme park;robot masters;local co-op"
"2015/11/22 10:20:10 AM GMT+1","Dungeon;Adventure platformer with NO weapons OR the ability to kill enemies;One button/input only;AutoRunner;RPG"
"2015/11/22 10:39:55 AM GMT+1","life in space;farming;Time Travel;Medieval and Future Weapons"
"2015/11/22 10:51:33 AM GMT+1","Sandbox;Survival horror;RPG;Deserted Island;time travel"
"2015/11/22 10:54:24 AM GMT+1","Black and White;low resolution;Sandbox;Stealth;Zombies"
"2015/11/22 10:54:48 AM GMT+1","low resolution;Deeper and Deeper;2.5D;EVERYTHING IS BASIC SHAPES (like circle or triangle or something, no artist budget needed!)"
"2015/11/22 10:54:52 AM GMT+1","hunt;evolution;Sandbox;Creatures of the Night;Survival horror"
"2015/11/22 11:05:40 AM GMT+1","life in space;evolution;Adventure platformer with NO weapons OR the ability to kill enemies;aoe wololo units;time travel"
"2015/11/22 11:12:45 AM GMT+1","breeding animals;evolution;immortality;simulation;No pixelart!"
"2015/11/22 11:15:21 AM GMT+1","last one standing;->Your princess is in another castle!<-;Dungeon;Time Difference;Breaking the 4th wall"
"2015/11/22 11:22:43 AM GMT+1","immortality;Binary Tree;->Your princess is in another castle!<-;Grappling hook?;EVERYTHING IS BASIC SHAPES (like circle or triangle or something, no artist budget needed!)"
"2015/11/22 11:23:11 AM GMT+1","Indirect Control;Text based (at most, ascii art);Die and retry !;Liquor smuggler. If you get caught, they throw you with a catapult"
"2015/11/22 11:23:42 AM GMT+1","Game-ception;EVERYTHING IS BASIC SHAPES (like circle or triangle or something, no artist budget needed!);Deserted Island;3 Items;Our solar system"
"2015/11/22 11:38:46 AM GMT+1","last one standing;low resolution;Inverted Physics;EVERYTHING IS BASIC SHAPES (like circle or triangle or something, no artist budget needed!);Speedrun"
"2015/11/22 11:46:23 AM GMT+1","evolution;where's my fucking pony?;Heavy metal bed time;Time paradox;This game hates you!"
"2015/11/22 11:54:09 AM GMT+1","Sandbox;Epic loot;Pirates / Piracy;Zombies;low gravity"
"2015/11/22 12:22:29 PM GMT+1","Sandbox;Dungeon;Steampunk;Pirates / Piracy;Time Travel"
"2015/11/22 12:29:06 PM GMT+1","EVERYTHING IS BASIC SHAPES (like circle or triangle or something, no artist budget needed!);Productivity;Die and retry !"
"2015/11/22 12:35:19 PM GMT+1","Indirect Control;EVERYTHING IS BASIC SHAPES (like circle or triangle or something, no artist budget needed!);Han always shoots first;local co-op;Medieval and Future Weapons"
"2015/11/22 12:38:40 PM GMT+1","Dank meme game"
"2015/11/22 12:50:40 PM GMT+1","Grappling hook?;co-op;Zombies;Self destruction;local co-op"
"2015/11/22 1:03:19 PM GMT+1","low resolution;co-op;Bob Ross;Breaking the 4th wall;local co-op"
"2015/11/22 1:14:15 PM GMT+1","breeding animals;Dragons;Stealth;2.5D;100% science based MMO with evolution"
"2015/11/22 1:17:08 PM GMT+1","low resolution;Deeper and Deeper;Spooky skeletons;3 Items"
"2015/11/22 1:20:16 PM GMT+1","life in space;Day and Night;One button/input only;Heart, heart, heart;Coffe"
"2015/11/22 1:26:53 PM GMT+1","life in space;Day and Night;Deeper and Deeper;3 Items;Coffe"
"2015/11/22 1:27:21 PM GMT+1","last one standing;Do unto others...;Heavy metal bed time;Adventure platformer with NO weapons OR the ability to kill enemies"
"2015/11/22 1:31:27 PM GMT+1","Black and White;AutoRunner;Retired Superheroes;Time Travel;the looser is the true winner"
"2015/11/22 1:47:03 PM GMT+1","Double life;monsters;last one standing;low resolution;simulation"
"2015/11/22 1:47:05 PM GMT+1","last one standing;against instincts;And nothing bad happened YET!;Creatures of the Night;co-op"
"2015/11/22 1:47:10 PM GMT+1","Black and White;low resolution;evolution;Police;игра про медведей"
"2015/11/22 1:48:32 PM GMT+1","monsters;low resolution;Creatures of the Night;Steampunk;Bob Ross"
"2015/11/22 1:57:49 PM GMT+1","Cheetahmen III;Banana;Dungeon;3 Items"
"2015/11/22 1:59:16 PM GMT+1","Dragons;Heavy metal bed time;Spreadsheet;Bucket;Zombies"
"2015/11/22 2:00:04 PM GMT+1","evolution;yoyos;Inverted Physics;Binary Tree;Game-ception"
"2015/11/22 2:01:13 PM GMT+1","life in space;Sandbox;RPG;Pirates / Piracy;Time Travel"
"2015/11/22 2:02:24 PM GMT+1","evolution;Theme park;Dungeon;Time Travel;Our solar system"
"2015/11/22 2:23:02 PM GMT+1","Sandbox;Binary Tree;No pixelart!;Goats;Symmetry"
"2015/11/22 2:32:51 PM GMT+1","Cheetahmen III"
"2015/11/22 2:44:35 PM GMT+1","yoyos;backwards;AutoRunner;Dank meme game;cardboard box"
"2015/11/22 2:49:06 PM GMT+1","evolution;Stealth;Theme park"
"2015/11/22 2:49:15 PM GMT+1","low resolution;Inverted Physics;Die and retry !;Self destruction;Time Travel"
"2015/11/22 3:01:24 PM GMT+1","Double life;immortality;Heavy metal bed time;Quark;Bucket"
"2015/11/22 3:02:45 PM GMT+1","immortality;One button/input only;Text based (at most, ascii art);3 Items;time travel"
"2015/11/22 3:08:45 PM GMT+1","life in space;Sandbox;where's my fucking pony?;Do unto others...;Heavy metal bed time"
"2015/11/22 3:09:48 PM GMT+1","One button/input only;Limited colors;bears are going extinct;This game hates you!;twisting classic games/genres"
"2015/11/22 3:13:16 PM GMT+1","Multiplexer;Black and White;Double life;last one standing;against instincts"
"2015/11/22 3:21:07 PM GMT+1","last one standing;evolution;farming;Sandbox;magic"
"2015/11/22 3:21:43 PM GMT+1","evolution;Binary Tree;Rectangle wars;Pirates / Piracy;Zombies"
"2015/11/22 3:24:39 PM GMT+1","2.5D;magic;co-op;RPG;Steampunk"
"2015/11/22 3:26:21 PM GMT+1","Double life;against instincts;One button/input only;Music;Symmetry"
"2015/11/22 3:36:10 PM GMT+1","Sandbox;Stealth;Inverted Physics;Avoid the rain!;Game-ception"
"2015/11/22 3:38:51 PM GMT+1","life in space;hunt;Day and Night;War between crisp flavours;Finding the end of the tape roll simulator"
"2015/11/22 3:39:38 PM GMT+1","Cheetahmen III;last one standing;evolution;backwards;EVERYTHING IS BASIC SHAPES (like circle or triangle or something, no artist budget needed!)"
"2015/11/22 3:39:41 PM GMT+1","cats / kittens;Hacktivism/Hacker;RPG;Interactive text adventure;Breaking the 4th wall"
"2015/11/22 3:47:17 PM GMT+1","Rectangle wars;3 Items;Time paradox;low gravity;Self destruction"
"2015/11/22 3:53:07 PM GMT+1","Adventure platformer with NO weapons OR the ability to kill enemies;twisting classic games/genres"
"2015/11/22 4:01:41 PM GMT+1","Black and White;last one standing;immortality;Stealth;Cauldron"
"2015/11/22 4:01:48 PM GMT+1","Emus;Emus;#4b6fad is the new black!;Option 185"
"2015/11/22 4:01:58 PM GMT+1","No pixelart!;Electric;physics;What if?;local co-op"
"2015/11/22 4:07:08 PM GMT+1","where's my fucking pony?;immortality;bonus ducks;No pixelart!;Bob Ross"
"2015/11/22 4:07:30 PM GMT+1","life in space;Day and Night;cats / kittens;Hacktivism/Hacker;Time Travel"
"2015/11/22 4:09:15 PM GMT+1","last one standing;Deeper and Deeper;2.5D;Dungeon;magic"
"2015/11/22 4:13:54 PM GMT+1","breeding animals;Sandbox;Do unto others...;Indirect Control;micro payments"
"2015/11/22 4:23:26 PM GMT+1","100% science based MMO with evolution;co-op;Epic loot;Die and retry !"
"2015/11/22 4:31:42 PM GMT+1","Chickenpocalypse;Dungeon;Indirect Control;Epic loot;Mi amigo el capitán"
"2015/11/22 4:32:35 PM GMT+1","yoyos;where's my fucking pony?;Pirates / Piracy;Large Genre Collider;Medieval and Future Weapons"
"2015/11/22 4:34:00 PM GMT+1","backwards;Inverted Physics;->Your princess is in another castle!<-;low gravity;Medieval and Future Weapons"
"2015/11/22 4:34:42 PM GMT+1","Double life;evolution;immortality;Deeper and Deeper;3 Items"
"2015/11/22 4:48:23 PM GMT+1","Day and Night;No pixelart!;Theme park;The only way forwards is backwards;Die and retry !"
"2015/11/22 5:01:46 PM GMT+1","Avoid the rain!;Inverted controls;One button/input only;EVERYTHING IS BASIC SHAPES (like circle or triangle or something, no artist budget needed!);Symmetry"
"2015/11/22 5:04:35 PM GMT+1","life in space;low resolution;Impossible;Rectangle wars;Option 185"
"2015/11/22 5:05:41 PM GMT+1","immortality;Inverted Physics;Inverted controls;Mi amigo el capitán;local co-op"
"2015/11/22 5:14:14 PM GMT+1","last one standing;breeding animals;Heavy metal bed time;Epic loot;Duel to the death!"
"2015/11/22 5:22:25 PM GMT+1","Black and White;last one standing;low resolution;Avoid the rain!;Day and Night"
"2015/11/22 5:22:37 PM GMT+1","äkta människor;игра про медведей"
"2015/11/22 5:28:49 PM GMT+1","evolution;100% science based MMO with evolution;Candy Factory Simulator;Han always shoots first;Our solar system"
"2015/11/22 5:40:27 PM GMT+1","Indirect Control;Bumper carts;karma;cardboard box;Symmetry"
"2015/11/22 5:42:56 PM GMT+1","Indirect Control;One button/input only;EVERYTHING IS BASIC SHAPES (like circle or triangle or something, no artist budget needed!);Die and retry !;Self destruction"
"2015/11/22 5:49:50 PM GMT+1","farming;Sandbox;Dungeon;RPG;Time Travel"
"2015/11/22 5:50:44 PM GMT+1","Black and White;In the Darkness;cardboard box"
"2015/11/22 5:55:08 PM GMT+1","against instincts;backwards;immortality;Do unto others...;Game-ception"
"2015/11/22 5:55:36 PM GMT+1","Black and White;One button/input only;RPG;local co-op"
"2015/11/22 5:56:06 PM GMT+1","life in space;Stealth;Avoid the rain!;Missing piece"
"2015/11/22 5:59:22 PM GMT+1","Black and White;Deeper and Deeper;EVERYTHING IS BASIC SHAPES (like circle or triangle or something, no artist budget needed!);Speedrun;Han always shoots first"
"2015/11/22 6:06:08 PM GMT+1","Black and White;Dragons;No pixelart!;100% science based MMO with evolution;Electron"
"2015/11/22 6:07:53 PM GMT+1","Black and White;breeding animals;farming;Dungeon"
"2015/11/22 6:08:13 PM GMT+1","backwards;2.5D;Indirect Control;EVERYTHING IS BASIC SHAPES (like circle or triangle or something, no artist budget needed!)"
"2015/11/22 6:08:39 PM GMT+1","Double life;And nothing bad happened YET!;No pixelart!;100% science based MMO with evolution;Duel to the death!"
"2015/11/22 6:09:39 PM GMT+1","Multiplexer"
"2015/11/22 6:13:05 PM GMT+1","Inverted Physics;Creatures of the Night;AutoRunner;Zombies;Time paradox"
"2015/11/22 6:14:56 PM GMT+1","2.5D;War between crisp flavours;Steampunk;Finding the end of the tape roll simulator;Liquor smuggler. If you get caught, they throw you with a catapult"
"2015/11/22 6:15:12 PM GMT+1","Inverted controls;Mayonnaise;Dank meme game;Steampunk;Gluten-free hipster"
"2015/11/22 6:16:46 PM GMT+1","Heavy metal bed time;Inverted Physics;EVERYTHING IS BASIC SHAPES (like circle or triangle or something, no artist budget needed!);Breaking the 4th wall;the looser is the true winner"
"2015/11/22 6:26:08 PM GMT+1","Fast-paced;Hacktivism/Hacker;Epic loot;Limited colors;local co-op"
"2015/11/22 6:27:02 PM GMT+1","RPG;Steampunk;Pirates / Piracy;What if?;Option 185"
"2015/11/22 6:27:33 PM GMT+1","co-op;local co-op"
"2015/11/22 6:44:24 PM GMT+1","Cheetahmen III;LibGDX was a mistake;Limited colors;robot masters;Breaking the 4th wall"
"2015/11/22 6:52:38 PM GMT+1","Cheetahmen III;Mayonnaise;but mum;Ikea all the things;The only way forwards is backwards"
"2015/11/22 6:56:37 PM GMT+1","Adventure platformer with NO weapons OR the ability to kill enemies;Last game on the Earth;Programmer superhero;What if?;modern game in old fashion manner‮"
"2015/11/22 6:57:21 PM GMT+1","Cheetahmen III;breeding animals;immortality;No pixelart!;time travel"
"2015/11/22 7:03:43 PM GMT+1","farming;co-op;Communist Revolution;local co-op;Medieval and Future Weapons"
"2015/11/22 7:08:27 PM GMT+1","life in space;simulation;2.5D;physics;low gravity"
"2015/11/22 7:13:39 PM GMT+1","Dungeon;co-op;Survival horror;Deserted Island;This game hates you!"
"2015/11/22 7:14:16 PM GMT+1","breeding animals;evolution;Grappling hook?"
"2015/11/22 7:15:23 PM GMT+1","Limited colors;Programmer superhero;Self destruction;What if?;modern game in old fashion manner‮"
"2015/11/22 7:22:10 PM GMT+1","simulation;Chickenpocalypse;Theme park;Dungeon;100% science based MMO with evolution"
"2015/11/22 7:27:56 PM GMT+1","4/6 Elements;life in space;breeding animals;simulation;Time paradox"
"2015/11/22 7:32:21 PM GMT+1","Dungeon;magic;Survival horror;Zombies;Medieval and Future Weapons"
"2015/11/22 7:39:27 PM GMT+1","evolution;Grappling hook?;Ikea all the things;robot masters;instant death"
"2015/11/22 8:04:59 PM GMT+1","life in space;evolution;Election;physics;robot masters"
"2015/11/22 8:06:45 PM GMT+1","Sandbox;Buggy;java1.6;java1.4;Vertical"
"2015/11/22 8:24:11 PM GMT+1","Black and White;Double life;low resolution;Creatures of the Night;Deeper and Deeper"
"2015/11/22 8:29:00 PM GMT+1","Double life;Indirect Control;Proton;rage quit;instant death"
"2015/11/22 8:29:45 PM GMT+1","Black and White;last one standing;Day and Night;cats / kittens;Pirates / Piracy"
"2015/11/22 8:31:52 PM GMT+1","Sandbox;simulation;2.5D"
"2015/11/22 8:34:36 PM GMT+1","Sandbox;Police;Theme park;facebook game;Survival horror"
"2015/11/22 8:35:10 PM GMT+1","Cooking;Binary Tree;Spooky skeletons;co-op;In the Darkness"
"2015/11/22 8:35:31 PM GMT+1","java1.4"
"2015/11/22 8:36:54 PM GMT+1","evolution;farming;Sandbox;Banana;Cooking"
"2015/11/22 8:41:11 PM GMT+1","Stealth;EVERYTHING IS BASIC SHAPES (like circle or triangle or something, no artist budget needed!);physics;The only way forwards is backwards;modern game in old fashion manner‮"
"2015/11/22 8:57:52 PM GMT+1","The only way forwards is backwards;This game hates you!;No, this direction!;Large Genre Collider;twisting classic games/genres"
"2015/11/22 9:00:27 PM GMT+1","Cheetahmen III;Black and White;Banana;Binary Tree;Spreadsheet"
"2015/11/22 9:01:22 PM GMT+1","Cheetahmen III;life in space;breeding animals;evolution;immortality"
"2015/11/22 9:05:39 PM GMT+1","100% science based MMO with evolution;RPG;Finding the end of the tape roll simulator;игра про медведей;low gravity"
"2015/11/22 9:07:58 PM GMT+1","Black and White;where's my fucking pony?;No pixelart!;EVERYTHING IS BASIC SHAPES (like circle or triangle or something, no artist budget needed!);Speedrun"
"2015/11/22 9:32:50 PM GMT+1","Multiplexer;And nothing bad happened YET!;No pixelart!;Epic loot;Self destruction"
"2015/11/22 9:37:26 PM GMT+1","evolution;Inverted Physics;Dungeon;Mario's Bob;low gravity"
"2015/11/22 9:37:36 PM GMT+1","Creatures of the Night;Hacktivism/Hacker;Steampunk;rage quit;Communist Revolution"
"2015/11/22 9:38:37 PM GMT+1","Banana;Goats;Die and retry !;Symmetry;Our solar system"
"2015/11/22 9:39:41 PM GMT+1","cats / kittens;Chickenpocalypse;EVERYTHING IS BASIC SHAPES (like circle or triangle or something, no artist budget needed!);local co-op"
"2015/11/22 9:40:27 PM GMT+1","against instincts;Sandbox;2.5D;modern game in old fashion manner‮"
"2015/11/22 9:41:20 PM GMT+1","Double life;Do unto others...;Bob Ross;Retired Superheroes;Papaya"
"2015/11/22 9:47:47 PM GMT+1","life in space;where's my fucking pony?;And nothing bad happened YET!;bonus ducks;Large Genre Collider"
"2015/11/22 9:54:19 PM GMT+1","Double life;Dungeon;In the Darkness;Survival horror;Cauldron"
"2015/11/22 9:57:12 PM GMT+1","monsters;Day and Night;karma;local co-op"
"2015/11/22 10:03:06 PM GMT+1","life in space;Dragons;Dungeon;EVERYTHING IS BASIC SHAPES (like circle or triangle or something, no artist budget needed!);Symmetry"
"2015/11/22 10:05:09 PM GMT+1","Historic figures;Time Travel;Communist Revolution;Symmetry;local co-op"
"2015/11/22 10:06:22 PM GMT+1","Inverted Physics;This game hates you!;the looser is the true winner"
"2015/11/22 10:10:09 PM GMT+1","evolution;Cooking;Day and Night;Deserted Island;time travel"
"2015/11/22 10:12:58 PM GMT+1","low resolution;School;Bob Ross;Communist Revolution;Option 185"
"2015/11/22 10:13:55 PM GMT+1","monsters;low resolution;Gluten-free hipster;Communist Revolution;local co-op"
"2015/11/22 10:23:02 PM GMT+1","monsters;Day and Night;Creatures of the Night;Adventure platformer with NO weapons OR the ability to kill enemies;Our solar system"
"2015/11/22 10:25:28 PM GMT+1","yoyos;immortality;Impossible;Adventure platformer with NO weapons OR the ability to kill enemies;EVERYTHING IS BASIC SHAPES (like circle or triangle or something, no artist budget needed!)"
"2015/11/22 10:28:42 PM GMT+1","Multiplexer;Black and White;life in space;facebook game;Our solar system"
"2015/11/22 10:46:38 PM GMT+1","My monkey is funky;Adventure platformer with NO weapons OR the ability to kill enemies;3 Items;Mario's Bob;Friendship"
"2015/11/22 10:53:47 PM GMT+1","Dragons;In the Darkness;local co-op"
"2015/11/22 10:55:25 PM GMT+1","evolution;farming;Epic loot;Zombies;local co-op"
"2015/11/22 10:55:26 PM GMT+1","last one standing;co-op;Text based (at most, ascii art);Pirates / Piracy;the looser is the true winner"
"2015/11/22 10:59:27 PM GMT+1","Black and White;low resolution;yoyos;backwards;Adventure platformer with NO weapons OR the ability to kill enemies"
"2015/11/22 11:00:22 PM GMT+1","life in space;farming;simulation;Potato;Our solar system"
"2015/11/22 11:10:16 PM GMT+1","low resolution;Hacktivism/Hacker;Survival horror;Steampunk;Medieval and Future Weapons"
"2015/11/22 11:17:26 PM GMT+1","yoyos;Game-ception;bonus ducks;One button/input only;Han always shoots first"
"2015/11/22 11:20:50 PM GMT+1","life in space;hunt;simulation;Dungeon;Indirect Control"
"2015/11/22 11:24:58 PM GMT+1","Inverted Physics;Fast-paced;EVERYTHING IS BASIC SHAPES (like circle or triangle or something, no artist budget needed!);Speedrun;Breaking the 4th wall"
"2015/11/22 11:27:22 PM GMT+1","last one standing;life in space;EVERYTHING IS BASIC SHAPES (like circle or triangle or something, no artist budget needed!);RPG;Epic loot"
"2015/11/22 11:31:44 PM GMT+1","Heavy metal bed time;Binary Tree;Adventure platformer with NO weapons OR the ability to kill enemies;java1.6;Missing piece"
"2015/11/22 11:32:42 PM GMT+1","breeding animals;evolution;farming;Cooking;Potato"
"2015/11/22 11:41:26 PM GMT+1","Heavy metal bed time;Bumper carts;3 Items;Bob Ross;cardboard box"
"2015/11/23 12:03:03 AM GMT+1","Indirect Control;Adventure platformer with NO weapons OR the ability to kill enemies;One button/input only;EVERYTHING IS BASIC SHAPES (like circle or triangle or something, no artist budget needed!);physics"
"2015/11/23 12:45:48 AM GMT+1","low resolution;Grappling hook?;physics;3 Items;Die and retry !"
"2015/11/23 12:45:57 AM GMT+1","Cheetahmen III;Heavy metal bed time;My monkey is funky;EVERYTHING IS BASIC SHAPES (like circle or triangle or something, no artist budget needed!);Symmetry"
"2015/11/23 1:04:09 AM GMT+1","Symmetry"
"2015/11/23 1:10:17 AM GMT+1","horses;One button/input only;Spooky skeletons;Rythm;the looser is the true winner"
"2015/11/23 1:11:49 AM GMT+1","Black and White;evolution;Heavy metal bed time;Deeper and Deeper;EVERYTHING IS BASIC SHAPES (like circle or triangle or something, no artist budget needed!)"
"2015/11/23 1:14:12 AM GMT+1","low resolution;Deeper and Deeper;Dungeon;3 Items;Limited colors"
"2015/11/23 1:18:21 AM GMT+1","Double life;last one standing;hunt;Epic loot;Duel to the death!"
"2015/11/23 1:19:46 AM GMT+1","Bob Ross"
"2015/11/23 1:58:55 AM GMT+1","Black and White;low resolution;Goats;Adventure platformer with NO weapons OR the ability to kill enemies;Heart, heart, heart"
"2015/11/23 2:03:48 AM GMT+1","against instincts;And nothing bad happened YET!;Banana;Cooking;Game-ception"
"2015/11/23 2:21:37 AM GMT+1","Sandbox;Fast-paced;Potato;100% science based MMO with evolution;Breaking the 4th wall"
"2015/11/23 2:26:18 AM GMT+1","Dragons;Bread of death;Creatures of the Night;Rythm;robot masters"
"2015/11/23 2:26:54 AM GMT+1","low resolution;immortality;Indirect Control;Buggy;Disconnected"
"2015/11/23 2:57:51 AM GMT+1","immortality;->Your princess is in another castle!<-;magic;Limited colors;local co-op"
"2015/11/23 2:58:22 AM GMT+1","last one standing;life in space;robot masters;low gravity;Time Travel"
"2015/11/23 3:44:56 AM GMT+1","life in space;Theme park;Grappling hook?;Deserted Island;time travel"
"2015/11/23 3:58:55 AM GMT+1","Day and Night;Friendship;Family;Large Genre Collider;What if?"
"2015/11/23 3:59:14 AM GMT+1","Double life;bonus ducks;In the Darkness;Google docs simulator;#4b6fad is the new black!"
"2015/11/23 4:02:46 AM GMT+1","Social media simulator"
"2015/11/23 4:14:25 AM GMT+1","Black and White;4/6 Elements"
"2015/11/23 4:32:14 AM GMT+1","last one standing;EVERYTHING IS BASIC SHAPES (like circle or triangle or something, no artist budget needed!);Spooky skeletons;Pirates / Piracy;low gravity"
"2015/11/23 4:34:08 AM GMT+1","last one standing;hunt;Emus;Emus;co-op"
"2015/11/23 5:10:00 AM GMT+1","life in space;immortality;Stealth;modern game in old fashion manner‮"
"2015/11/23 5:48:34 AM GMT+1","Double life;immortality;The only way forwards is backwards;Time paradox;Interactive text adventure"
"2015/11/23 6:19:52 AM GMT+1","Inverted Physics;Rectangle wars;Time paradox;robot masters;cardboard box"
"2015/11/23 6:50:16 AM GMT+1","Black and White;Sandbox;2.5D;In the Darkness;RPG"
"2015/11/23 6:52:53 AM GMT+1","evolution;magic;Grappling hook?;physics;What if?"
"2015/11/23 7:23:21 AM GMT+1","evolution;Indirect Control;Time Difference;What if?;Symmetry"
"2015/11/23 8:23:21 AM GMT+1","2.5D;What if?;Gluten-free hipster;Time Travel;Medieval and Future Weapons"
"2015/11/23 8:24:17 AM GMT+1","Dragons;Cooking;Quark;Music;Family"
"2015/11/23 9:41:48 AM GMT+1","Multiplexer;low resolution;simulation;2.5D;AutoRunner"
"2015/11/23 10:03:13 AM GMT+1","hunt;Grappling hook?;Die and retry !;Zombies;LibGDX was a mistake"
"2015/11/23 10:05:17 AM GMT+1","Fast-paced;No pixelart!;Dank meme game;java1.6;Mi amigo el capitán"
"2015/11/23 10:24:02 AM GMT+1","Self destruction"
"2015/11/23 10:28:48 AM GMT+1","where's my fucking pony?;->Your princess is in another castle!<-;Speedrun;Die and retry !;This game hates you!"
"2015/11/23 10:32:40 AM GMT+1","Sandbox;No pixelart!;RPG;Epic loot;local co-op"
"2015/11/23 10:38:27 AM GMT+1","Black and White;breeding animals;low resolution;Creatures of the Night;Adventure platformer with NO weapons OR the ability to kill enemies"
"2015/11/23 10:47:31 AM GMT+1","against instincts;but mum;What if?;the looser is the true winner"
"2015/11/23 10:54:37 AM GMT+1","Sandbox;simulation;100% science based MMO with evolution;RPG;local co-op"
"2015/11/23 11:11:14 AM GMT+1","where's my fucking pony?;->Your princess is in another castle!<-;but mum;What if?;This fruit is poisoned"
"2015/11/23 11:40:11 AM GMT+1","against instincts;Rythm;Die and retry !;robot masters;instant death"
"2015/11/23 11:54:44 AM GMT+1","Impossible;Quark;What if?;the looser is the true winner"
"2015/11/23 12:00:57 PM GMT+1","cats / kittens;Adventure platformer with NO weapons OR the ability to kill enemies;but mum;Ikea all the things;игра про медведей"
"2015/11/23 12:19:42 PM GMT+1","magic;Adventure platformer with NO weapons OR the ability to kill enemies;Die and retry !;rage quit;twisting classic games/genres"
"2015/11/23 12:20:54 PM GMT+1","2.5D;One button/input only;RPG;modern game in old fashion manner‮;Vertical"
"2015/11/23 12:32:54 PM GMT+1","Multiplexer;Cheetahmen III;Black and White;4/6 Elements;Double life"
"2015/11/23 12:34:03 PM GMT+1","Cheetahmen III;last one standing;hunt;immortality;java1.6"
"2015/11/23 12:44:58 PM GMT+1","last one standing;Inverted Physics;3 Items;Communist Revolution;Medieval and Future Weapons"
"2015/11/23 12:53:51 PM GMT+1","Black and White;Binary Tree;Zombies"
"2015/11/23 12:55:52 PM GMT+1","Black and White;Day and Night;Adventure platformer with NO weapons OR the ability to kill enemies;Interactive text adventure;Historic figures"
"2015/11/23 1:32:12 PM GMT+1","Black and White;No pixelart!;Breaking the 4th wall;twisting classic games/genres;modern game in old fashion manner‮"
"2015/11/23 1:36:42 PM GMT+1","Black and White;life in space;where's my fucking pony?;Dungeon;This fruit is poisoned"
"2015/11/23 1:44:27 PM GMT+1","And nothing bad happened YET!;Heavy metal bed time;I like to move it, move it;#4b6fad is the new black!;There's at least one. Or is there?"
"2015/11/23 2:04:12 PM GMT+1","against instincts;Inverted Physics;Game-ception;2.5D;Impossible"
"2015/11/23 2:07:37 PM GMT+1","And nothing bad happened YET!;Juice;Time Difference;time travel;Time Travel"
"2015/11/23 2:08:08 PM GMT+1","Black and White;EVERYTHING IS BASIC SHAPES (like circle or triangle or something, no artist budget needed!);Zombies;Friendship;Option 185"
"2015/11/23 2:56:43 PM GMT+1","Sandbox;simulation;Hacktivism/Hacker;java1.6;RPG"
"2015/11/23 2:56:49 PM GMT+1","Black and White;4/6 Elements;Dungeon;RPG;local co-op"
"2015/11/23 3:24:24 PM GMT+1","evolution;Game-ception;Indirect Control;Historic figures;twisting classic games/genres"
"2015/11/23 3:29:42 PM GMT+1","last one standing;Indirect Control;EVERYTHING IS BASIC SHAPES (like circle or triangle or something, no artist budget needed!);Winter Games Style sports compilation;twisting classic games/genres"
"2015/11/23 3:50:29 PM GMT+1","breeding animals;evolution;farming;Last game on the Earth;This fruit is poisoned"
"2015/11/23 3:51:09 PM GMT+1","In the Darkness;Time paradox;cardboard box;No, this direction!;instant death"
"2015/11/23 3:52:30 PM GMT+1","Double life;last one standing;evolution;immortality;Do unto others..."
"2015/11/23 3:59:16 PM GMT+1","Cats;Marathon;Zombies;Coffe;Symmetry"
"2015/11/23 4:03:52 PM GMT+1","Cooking;simulation;Theme park"
"2015/11/23 4:06:26 PM GMT+1","Black and White;evolution;Day and Night;Deeper and Deeper;One button/input only"
"2015/11/23 4:19:45 PM GMT+1","Chickenpocalypse;Goats;Adventure platformer with NO weapons OR the ability to kill enemies;Liquor smuggler. If you get caught, they throw you with a catapult;This game hates you!"
"2015/11/23 4:20:14 PM GMT+1","Game-ception;EVERYTHING IS BASIC SHAPES (like circle or triangle or something, no artist budget needed!);Text based (at most, ascii art);Interactive text adventure;This game hates you!"
"2015/11/23 4:25:17 PM GMT+1","Dragons;Creatures of the Night;Dungeon;RPG"
"2015/11/23 4:58:34 PM GMT+1","last one standing;School;No pixelart!;Dungeon;magic"
"2015/11/23 5:04:40 PM GMT+1","2.5D;Impossible;AutoRunner;EVERYTHING IS BASIC SHAPES (like circle or triangle or something, no artist budget needed!);facebook game"
"2015/11/23 5:09:43 PM GMT+1","Impossible;Dungeon;Indirect Control;Disconnected;Symmetry"
"2015/11/23 5:12:12 PM GMT+1","4/6 Elements"
"2015/11/23 5:14:09 PM GMT+1","Black and White;India;Heavy metal bed time;2.5D;low gravity"
"2015/11/23 5:46:34 PM GMT+1","This fruit is poisoned"
"2015/11/23 6:02:51 PM GMT+1","Black and White;Sandbox;Banana;Bread of death;Potato"
"2015/11/23 6:43:08 PM GMT+1","life in space;breeding animals;Sandbox"
"2015/11/23 7:08:04 PM GMT+1","Day and Night;bonus ducks;cats / kittens;2.5D;->Your princess is in another castle!<-"
"2015/11/23 8:11:05 PM GMT+1","Deeper and Deeper;Spooky skeletons;Epic loot;Historic figures;Our solar system"
"2015/11/23 8:16:01 PM GMT+1","Multiplexer;farming;No pixelart!;Liquor smuggler. If you get caught, they throw you with a catapult;This game hates you!"
"2015/11/23 8:19:08 PM GMT+1","Banana;Potato;Rythm;Steampunk;Google docs simulator"
"2015/11/23 8:24:55 PM GMT+1","monsters;immortality;Creatures of the Night;In the Darkness;Self destruction"
"2015/11/23 8:31:00 PM GMT+1","monsters;life in space;evolution;Steampunk;Historic figures"
"2015/11/23 8:31:37 PM GMT+1","Dragons;Day and Night;My monkey is funky;Adventure platformer with NO weapons OR the ability to kill enemies;Han always shoots first"
"2015/11/23 8:33:38 PM GMT+1","breeding animals;evolution;where's my fucking pony?;Game-ception;Time Travel"
"2015/11/23 8:56:06 PM GMT+1","Black and White;Double life;evolution;Buggy;Epic loot"
"2015/11/23 8:56:33 PM GMT+1","piece of cake;Avoid the rain!;horses;bonus ducks;Cassette"
"2015/11/23 9:08:01 PM GMT+1","Inverted Physics;Adventure platformer with NO weapons OR the ability to kill enemies;Epic loot;karma;This game hates you!"
"2015/11/23 9:16:12 PM GMT+1","No pixelart!;Buggy;Picking coins up from a flat surface simulator;instant death;Option 185"
"2015/11/23 9:21:19 PM GMT+1","Impossible;EVERYTHING IS BASIC SHAPES (like circle or triangle or something, no artist budget needed!);Rythm;karma;Die and retry !"
"2015/11/23 9:43:10 PM GMT+1","EVERYTHING IS BASIC SHAPES (like circle or triangle or something, no artist budget needed!);Text based (at most, ascii art);physics;Rythm;Symmetry"
"2015/11/23 10:10:44 PM GMT+1","No pixelart!;Communist Revolution"
"2015/11/23 10:16:32 PM GMT+1","last one standing;No pixelart!;Rythm;Winter Games Style sports compilation;Self destruction"
"2015/11/23 10:33:20 PM GMT+1","life in space;Deeper and Deeper;simulation;One button/input only"
"2015/11/23 10:34:57 PM GMT+1","100% science based MMO with evolution;Social media simulator;#4b6fad is the new black!"
"2015/11/23 10:42:33 PM GMT+1","hunt;simulation;EVERYTHING IS BASIC SHAPES (like circle or triangle or something, no artist budget needed!);Cats;Mario's Bob"
"2015/11/23 10:59:01 PM GMT+1","life in space;In the Darkness;physics;low gravity;instant death"
"2015/11/23 11:33:42 PM GMT+1","evolution;Binary Tree;EVERYTHING IS BASIC SHAPES (like circle or triangle or something, no artist budget needed!);3 Items;rage quit"
"2015/11/23 11:41:53 PM GMT+1","where's my fucking pony?;Do unto others...;Inverted Physics;No pixelart!;The only way forwards is backwards"
"2015/11/23 11:43:43 PM GMT+1","life in space;evolution;Stealth;EVERYTHING IS BASIC SHAPES (like circle or triangle or something, no artist budget needed!);local co-op"
"2015/11/24 12:09:11 AM GMT+1","life in space;hunt;farming;Creatures of the Night;Fast-paced"
"2015/11/24 12:32:27 AM GMT+1","Chickenpocalypse;Theme park;Dank meme game;Finding the end of the tape roll simulator;aoe wololo units"
"2015/11/24 12:34:51 AM GMT+1","against instincts;And nothing bad happened YET!;piece of cake;java1.6"
"2015/11/24 1:29:27 AM GMT+1","Bread of death;School;horses;selling d scim 30k;Breaking the 4th wall"
"2015/11/24 1:36:16 AM GMT+1","life in space;breeding animals;evolution;Adventure platformer with NO weapons OR the ability to kill enemies;Time Travel"
"2015/11/24 1:39:49 AM GMT+1","low resolution;Text based (at most, ascii art);physics;LibGDX sim?"
"2015/11/24 3:22:52 AM GMT+1","4/6 Elements;EVERYTHING IS BASIC SHAPES (like circle or triangle or something, no artist budget needed!);Die and retry !;Last game on the Earth;Time Travel"
"2015/11/24 3:35:51 AM GMT+1","evolution;Binary Tree;Chickenpocalypse;Spreadsheet;karma"
"2015/11/24 3:49:11 AM GMT+1","breeding animals;Day and Night;Theme park;Retired Superheroes"
"2015/11/24 4:00:38 AM GMT+1","yoyos;Picking coins up from a flat surface simulator;The only way forwards is backwards;Duel to the death!;Self destruction"
"2015/11/24 4:04:14 AM GMT+1","Fast-paced;Speedrun;Limited colors;No, this direction!;Time Travel"
"2015/11/24 4:23:51 AM GMT+1","Stealth;School;Time Difference;time travel;Time Travel"
"2015/11/24 5:09:05 AM GMT+1","Retired Superheroes"
"2015/11/24 5:35:07 AM GMT+1","breeding animals;evolution;Deeper and Deeper"
"2015/11/24 6:05:54 AM GMT+1","Double life"
"2015/11/24 6:24:51 AM GMT+1","Deeper and Deeper;2.5D;Dungeon;LibGDX was a mistake;Last game on the Earth"
"2015/11/24 7:53:19 AM GMT+1","breeding animals;farming;Sandbox;Day and Night;Creatures of the Night"
"2015/11/24 8:10:07 AM GMT+1","Black and White;low resolution;Sandbox;Epic loot;twisting classic games/genres"
"2015/11/24 8:22:20 AM GMT+1","Epic loot;äkta människor;robot masters;Communist Revolution;This fruit is poisoned"
"2015/11/24 8:25:54 AM GMT+1","farming;simulation;magic;Epic loot;Speedrun"
"2015/11/24 8:57:17 AM GMT+1","Disconnected;Social media simulator;Retired Superheroes;Han always shoots first"
"2015/11/24 9:20:27 AM GMT+1","No pixelart!;Epic loot;Die and retry !;rage quit;instant death"
"2015/11/24 9:28:24 AM GMT+1","last one standing;life in space;evolution;Survival horror;local co-op"
"2015/11/24 10:08:12 AM GMT+1","last one standing;Stealth;Game-ception;Fast-paced;Dungeon"
"2015/11/24 10:12:17 AM GMT+1","Double life;Day and Night;Creatures of the Night;EVERYTHING IS BASIC SHAPES (like circle or triangle or something, no artist budget needed!);Option 185"
"2015/11/24 10:18:12 AM GMT+1","cardboard box"
"2015/11/24 10:49:05 AM GMT+1","last one standing;life in space;Stealth;Adventure platformer with NO weapons OR the ability to kill enemies;Electric"
"2015/11/24 11:15:19 AM GMT+1","breeding animals;Sandbox;Epic loot;rage quit;local co-op"
"2015/11/24 11:17:50 AM GMT+1","Fast-paced;EVERYTHING IS BASIC SHAPES (like circle or triangle or something, no artist budget needed!);This game hates you!;Self destruction;the looser is the true winner"
"2015/11/24 12:03:31 PM GMT+1","life in space;Dragons;Banana;Heavy metal bed time;Marathon"
"2015/11/24 12:36:57 PM GMT+1","Survival horror;Steampunk;Die and retry !;rage quit;Self destruction"
"2015/11/24 12:48:59 PM GMT+1","Deeper and Deeper;but mum;Time Difference;The only way forwards is backwards;äkta människor"
"2015/11/24 12:49:03 PM GMT+1","Cheetahmen III;Black and White;life in space;where's my fucking pony?;Heavy metal bed time"
"2015/11/24 2:32:34 PM GMT+1","Police;AutoRunner;Electric;Speedrun;Self destruction"
"2015/11/24 2:46:43 PM GMT+1","evolution;Rectangle wars;Zombies;Self destruction;This fruit is poisoned"
"2015/11/24 2:50:43 PM GMT+1","life in space;Creatures of the Night;Deeper and Deeper;EVERYTHING IS BASIC SHAPES (like circle or triangle or something, no artist budget needed!);RPG"
"2015/11/24 3:10:30 PM GMT+1","Dragons;cats / kittens;My monkey is funky;Cats;Epic loot"
"2015/11/24 3:53:33 PM GMT+1","EVERYTHING IS BASIC SHAPES (like circle or triangle or something, no artist budget needed!);facebook game;micro payments;Dank memes;Google docs simulator"
"2015/11/24 3:56:45 PM GMT+1","last one standing;low resolution;Stealth;One button/input only;local co-op"
"2015/11/24 4:26:39 PM GMT+1","Black and White;Sandbox;Juice;Banana;Time Travel"
"2015/11/24 4:26:39 PM GMT+1","Black and White;last one standing;where's my fucking pony?;No pixelart!;Chickenpocalypse"
"2015/11/24 4:35:18 PM GMT+1","Stealth;Creatures of the Night;In the Darkness;Survival horror;instant death"
"2015/11/24 5:14:21 PM GMT+1","life in space;Retired Superheroes;time travel;Communist Revolution;Our solar system"
"2015/11/24 5:19:38 PM GMT+1","evolution;against instincts"
"2015/11/24 5:26:56 PM GMT+1","Stealth;Day and Night;Survival horror;Die and retry !;Mi amigo el capitán"
"2015/11/24 5:59:29 PM GMT+1","where's my fucking pony?;Heavy metal bed time;No pixelart!;One button/input only;Dank memes"
"2015/11/24 6:29:22 PM GMT+1","breeding animals;evolution;where's my fucking pony?;EVERYTHING IS BASIC SHAPES (like circle or triangle or something, no artist budget needed!);Time Difference"
"2015/11/24 7:13:56 PM GMT+1","java1.6"
"2015/11/24 7:44:59 PM GMT+1","life in space;farming;Police;Hacktivism/Hacker;Dank memes"
"2015/11/24 7:53:38 PM GMT+1","Black and White;Banana;No pixelart!;äkta människor;low gravity"
"2015/11/24 7:57:47 PM GMT+1","Electron;Electric;Proton;Cauldron;LibGDX sim?"
"2015/11/24 8:26:46 PM GMT+1","last one standing;hunt;Day and Night;No pixelart!;Survival horror"
"2015/11/24 8:27:04 PM GMT+1","low resolution;Sandbox;2.5D;co-op;3 Items"
"2015/11/24 8:38:34 PM GMT+1","Time Difference;Video arcade manager;Last game on the Earth;Programmer superhero;cardboard box"
"2015/11/24 9:07:48 PM GMT+1","life in space;against instincts;Indirect Control;Rectangle wars;Limited colors"
"2015/11/24 9:09:28 PM GMT+1","evolution;physics;Epic loot;Steampunk;Communist Revolution"
"2015/11/24 9:10:32 PM GMT+1","where's my fucking pony?"
"2015/11/24 9:19:07 PM GMT+1","->Your princess is in another castle!<-;EVERYTHING IS BASIC SHAPES (like circle or triangle or something, no artist budget needed!);Coffe;java1.4;Programmer superhero"
"2015/11/24 9:20:39 PM GMT+1","Inverted Physics;2.5D;physics;Steampunk;Symmetry"
"2015/11/24 9:26:34 PM GMT+1","hunt;farming;Dragons;Dungeon"
"2015/11/24 9:34:23 PM GMT+1","where's my fucking pony?;And nothing bad happened YET!;There's at least one. Or is there?;What if?;This fruit is poisoned"
"2015/11/24 9:36:49 PM GMT+1","Sandbox;Creatures of the Night;Buggy;Pirates / Piracy;Coffe"
"2015/11/24 9:38:07 PM GMT+1","Grappling hook?;Interactive text adventure;low gravity;twisting classic games/genres;local co-op"
"2015/11/24 9:57:26 PM GMT+1","Sandbox;2.5D;Bob Ross;cardboard box;Our solar system"
"2015/11/24 9:59:11 PM GMT+1","Banana;horses;->Your princess is in another castle!<-;EVERYTHING IS BASIC SHAPES (like circle or triangle or something, no artist budget needed!);игра про медведей"
"2015/11/24 10:00:50 PM GMT+1","RPG"
"2015/11/24 10:20:10 PM GMT+1","Sandbox;co-op;RPG;physics;Pirates / Piracy"
"2015/11/24 10:20:51 PM GMT+1","Double life;Police;Mayonnaise;Video arcade manager;Papaya"
"2015/11/24 10:21:43 PM GMT+1","life in space;Deeper and Deeper;simulation;RPG"
"2015/11/24 11:14:57 PM GMT+1","Fast-paced;co-op;Die and retry !;rage quit;aoe wololo units"
"2015/11/24 11:19:42 PM GMT+1","Dragons;Deeper and Deeper;Picking coins up from a flat surface simulator;Zombies;Medieval and Future Weapons"
"2015/11/24 11:31:37 PM GMT+1","monsters;Dragons;AutoRunner;Mario's Bob;This fruit is poisoned"
"2015/11/24 11:52:47 PM GMT+1","life in space;time travel;low gravity;Our solar system"
"2015/11/25 12:12:13 AM GMT+1","Sandbox;Dungeon;RPG;physics;Die and retry !"
"2015/11/25 1:16:50 AM GMT+1","life in space;farming;Time Difference;Duel to the death!;What if?"
"2015/11/25 1:33:53 AM GMT+1","last one standing;Inverted Physics;Die and retry !;Last game on the Earth;Our solar system"
"2015/11/25 1:51:08 AM GMT+1","Cheetahmen III;Dragons;Adventure platformer with NO weapons OR the ability to kill enemies;low gravity;Time Travel"
"2015/11/25 2:58:15 AM GMT+1","evolution;Game-ception;EVERYTHING IS BASIC SHAPES (like circle or triangle or something, no artist budget needed!);Electron;Time Travel"
"2015/11/25 3:11:15 AM GMT+1","Cheetahmen III;Adventure platformer with NO weapons OR the ability to kill enemies;One button/input only;EVERYTHING IS BASIC SHAPES (like circle or triangle or something, no artist budget needed!);Survival horror"
"2015/11/25 4:09:07 AM GMT+1","where's my fucking pony?;Bread of death;bonus ducks;Cheese maker"
"2015/11/25 4:23:18 AM GMT+1","Black and White;farming;Penciels everywhere;Chickenpocalypse;This game hates you!"
"2015/11/25 4:55:29 AM GMT+1","Text based (at most, ascii art);Steampunk;Social media simulator;java1.4;Papaya"
"2015/11/25 6:08:33 AM GMT+1","hunt;Stealth;Deeper and Deeper;instant death;local co-op"
"2015/11/25 9:09:22 AM GMT+1","Cooking;Fast-paced;Pirates / Piracy;This game hates you!"
"2015/11/25 11:34:05 AM GMT+1","Double life;last one standing;backwards;One button/input only;EVERYTHING IS BASIC SHAPES (like circle or triangle or something, no artist budget needed!)"
"2015/11/25 11:35:25 AM GMT+1","Black and White;low resolution;Zombies;This game hates you!;No, this direction!"
"2015/11/25 12:36:23 PM GMT+1","Double life;Stealth;Creatures of the Night;Adventure platformer with NO weapons OR the ability to kill enemies;Our solar system"
"2015/11/25 4:20:52 PM GMT+1","piece of cake;->Your princess is in another castle!<-;co-op;RPG;physics"
"2015/11/25 4:38:37 PM GMT+1","Inverted Physics;java1.4;This game hates you!;What if?"
"2015/11/25 4:49:04 PM GMT+1","Banana;Adventure platformer with NO weapons OR the ability to kill enemies;Bumper carts;Bob Ross;Video arcade manager"
"2015/11/25 4:55:59 PM GMT+1","Stealth;Cooking;Binary Tree;Avoid the rain!;School"
"2015/11/25 4:57:45 PM GMT+1","last one standing;EVERYTHING IS BASIC SHAPES (like circle or triangle or something, no artist budget needed!);RPG;Text based (at most, ascii art);Deserted Island"
"2015/11/25 5:58:18 PM GMT+1","Google docs simulator"
"2015/11/25 5:58:56 PM GMT+1","Dragons;Fast-paced;Steampunk;Limited colors;Symmetry"
"2015/11/25 6:00:06 PM GMT+1","monsters;evolution;Stealth;low gravity;Duel to the death!"
"2015/11/25 6:00:30 PM GMT+1","Binary Tree;Electron;physics;Symmetry;Our solar system"
"2015/11/25 6:01:26 PM GMT+1","Dragons;where's my fucking pony?;Creatures of the Night;Indirect Control;Bob Ross"
"2015/11/25 6:10:41 PM GMT+1","life in space;Sandbox;simulation;LibGDX was a mistake;What if?"
"2015/11/25 6:11:21 PM GMT+1","Creatures of the Night;Chickenpocalypse;rage quit;Papaya;What if?"
"2015/11/25 6:13:17 PM GMT+1","EVERYTHING IS BASIC SHAPES (like circle or triangle or something, no artist budget needed!);Epic loot;Bob Ross;Die and retry !;Vertical"
"2015/11/25 6:13:59 PM GMT+1","last one standing;yoyos;where's my fucking pony?;Juice;Game-ception"
"2015/11/25 6:15:44 PM GMT+1","2.5D;co-op;3 Items;rage quit;modern game in old fashion manner‮"
"2015/11/25 6:18:16 PM GMT+1","last one standing;Rythm;rage quit;Retired Superheroes;local co-op"
"2015/11/25 6:25:38 PM GMT+1","last one standing;backwards;No pixelart!;java1.4;local co-op"
"2015/11/25 6:25:52 PM GMT+1","Black and White;evolution;Avoid the rain!;Indirect Control;Symmetry"
"2015/11/25 6:32:20 PM GMT+1","modern game in old fashion manner‮"
"2015/11/25 6:46:34 PM GMT+1","monsters;bonus ducks;cats / kittens;One button/input only;EVERYTHING IS BASIC SHAPES (like circle or triangle or something, no artist budget needed!)"
"2015/11/25 6:58:58 PM GMT+1","Juice;Survival horror;Zombies;Last game on the Earth;Medieval and Future Weapons"
"2015/11/25 7:07:32 PM GMT+1","Black and White;EVERYTHING IS BASIC SHAPES (like circle or triangle or something, no artist budget needed!)"
"2015/11/25 7:27:01 PM GMT+1","physics;Zombies;Duel to the death!;Self destruction;instant death"
"2015/11/25 7:32:28 PM GMT+1","Multiplexer;Black and White;life in space;where's my fucking pony?;Gluten-free hipster"
"2015/11/25 7:45:31 PM GMT+1","breeding animals;Day and Night;Creatures of the Night;co-op;RPG"
"2015/11/25 7:47:15 PM GMT+1","monsters;Sandbox;Text based (at most, ascii art);Zombies;Last game on the Earth"
"2015/11/25 8:07:10 PM GMT+1","evolution;Ikea all the things;What if?;Time Travel;Symmetry"
"2015/11/25 8:12:19 PM GMT+1","Fast-paced;Goats;Dungeon;Adventure platformer with NO weapons OR the ability to kill enemies;local co-op"
"2015/11/25 8:15:46 PM GMT+1","life in space;Theme park;RPG;Steampunk;Symmetry"
"2015/11/25 8:26:35 PM GMT+1","Sandbox;No pixelart!;One button/input only;Dank meme game;EVERYTHING IS BASIC SHAPES (like circle or triangle or something, no artist budget needed!)"
"2015/11/25 9:07:21 PM GMT+1","Multiplexer;Creatures of the Night;Deeper and Deeper;äkta människor"
"2015/11/25 9:37:32 PM GMT+1","Black and White;breeding animals;yoyos;Juice;Binary Tree"
"2015/11/25 10:00:35 PM GMT+1","life in space;Dungeon;rage quit;What if?;twisting classic games/genres"
"2015/11/25 10:07:32 PM GMT+1","Black and White;where's my fucking pony?;Day and Night;cats / kittens;Chickenpocalypse"
"2015/11/25 10:16:21 PM GMT+1","My monkey is funky;Dungeon;One button/input only;Spooky skeletons;Bob Ross"
"2015/11/25 11:26:12 PM GMT+1","Adventure platformer with NO weapons OR the ability to kill enemies;Grappling hook?;Google docs simulator;Time paradox;Last game on the Earth"
"2015/11/25 11:38:13 PM GMT+1","life in space;Sandbox;2.5D;RPG;physics"
"2015/11/26 12:12:16 AM GMT+1","And nothing bad happened YET!;Deeper and Deeper;One button/input only;but mum;LibGDX was a mistake"
"2015/11/26 12:23:18 AM GMT+1","Stealth;No pixelart!"
"2015/11/26 1:22:32 AM GMT+1","immortality;2.5D;No pixelart!;Dungeon;micro payments"
"2015/11/26 3:17:47 AM GMT+1","where's my fucking pony?;Alphabetical team fighting;Ikea all the things;LibGDX was a mistake;Communist Revolution"
"2015/11/26 4:25:21 AM GMT+1","last one standing;hunt;immortality;Survival horror;Our solar system"
"2015/11/26 4:40:00 AM GMT+1","last one standing;Dank meme game;Steampunk;Bob Ross;Our solar system"
"2015/11/26 4:46:14 AM GMT+1","monsters;Cheese maker;Music;aoe wololo units;LibGDX was a mistake"
"2015/11/26 5:00:13 AM GMT+1","low resolution;against instincts;Text based (at most, ascii art);Missing piece;rage quit"
"2015/11/26 5:55:14 AM GMT+1","immortality;Deeper and Deeper;Chickenpocalypse;cardboard box;Option 185"
"2015/11/26 6:25:34 AM GMT+1","monsters;2.5D;Zombies;Mario's Bob;twisting classic games/genres"
"2015/11/26 7:08:13 AM GMT+1","hunt;evolution;farming;RPG;Medieval and Future Weapons"
"2015/11/26 8:28:44 AM GMT+1","Day and Night;Adventure platformer with NO weapons OR the ability to kill enemies;EVERYTHING IS BASIC SHAPES (like circle or triangle or something, no artist budget needed!);Cheese maker;Music"
"2015/11/26 10:07:59 AM GMT+1","life in space;hunt;Emus;Emus;EVERYTHING IS BASIC SHAPES (like circle or triangle or something, no artist budget needed!)"
"2015/11/26 11:08:57 AM GMT+1","hunt;Stealth;Deserted Island;Zombies;Our solar system"
"2015/11/26 11:09:10 AM GMT+1","AutoRunner;Grappling hook?;Steampunk;Pirates / Piracy;Deserted Island"
"2015/11/26 11:40:32 AM GMT+1","last one standing;Stealth;Fast-paced;Die and retry !;Limited colors"
"2015/11/26 1:40:36 PM GMT+1","Time Difference;aoe wololo units;Time paradox;Interactive text adventure;twisting classic games/genres"
"2015/11/26 2:08:37 PM GMT+1","Black and White;last one standing;life in space;Deeper and Deeper;2.5D"
"2015/11/26 4:52:16 PM GMT+1","2.5D;No pixelart!;This game hates you!;No, this direction!;This fruit is poisoned"
"2015/11/26 5:05:50 PM GMT+1","4/6 Elements;Double life;evolution;cats / kittens;Fast-paced"
"2015/11/26 5:17:21 PM GMT+1","simulation;Theme park;Dungeon;Text based (at most, ascii art);physics"
"2015/11/26 5:31:45 PM GMT+1","Dragons;Cooking;horses;Friendship;Family"
"2015/11/26 5:50:45 PM GMT+1","And nothing bad happened YET!;Avoid the rain!;Deeper and Deeper;2.5D;Time Difference"
"2015/11/26 5:51:58 PM GMT+1","EVERYTHING IS BASIC SHAPES (like circle or triangle or something, no artist budget needed!);Google docs simulator;Productivity;the looser is the true winner;This fruit is poisoned"
"2015/11/26 6:20:53 PM GMT+1","Multiplexer;Banana;Day and Night;Missing piece;instant death"
"2015/11/26 6:31:57 PM GMT+1","Double life;immortality;100% science based MMO with evolution;Symmetry"
"2015/11/26 7:23:45 PM GMT+1","monsters;simulation;RPG"
"2015/11/26 7:29:50 PM GMT+1","Adventure platformer with NO weapons OR the ability to kill enemies;RPG;Friendship;Time Travel;Communist Revolution"
"2015/11/26 7:52:05 PM GMT+1","life in space;low resolution;Deeper and Deeper;Adventure platformer with NO weapons OR the ability to kill enemies;One button/input only"
"2015/11/26 8:00:46 PM GMT+1","last one standing;low resolution;where's my fucking pony?;Coffe;Breaking the 4th wall"
"2015/11/26 8:24:55 PM GMT+1","Black and White;2.5D;->Your princess is in another castle!<-;Goats;Symmetry"
"2015/11/26 8:25:07 PM GMT+1","Black and White;->Your princess is in another castle!<-;Goats;Dank meme game;Epic loot"
"2015/11/26 8:34:00 PM GMT+1","Black and White;monsters;hunt;India;Banana"
"2015/11/26 9:12:42 PM GMT+1","Game-ception;Time Difference;Deserted Island;Retired Superheroes;What if?"
"2015/11/26 10:13:10 PM GMT+1","low resolution;Inverted Physics;->Your princess is in another castle!<-;100% science based MMO with evolution;Cauldron"
"2015/11/26 10:20:56 PM GMT+1","breeding animals;Adventure platformer with NO weapons OR the ability to kill enemies;Survival horror;игра про медведей;time travel"
"2015/11/26 10:42:21 PM GMT+1","breeding animals;evolution;Indirect Control;Programmer superhero;robot masters"
"2015/11/26 11:02:33 PM GMT+1","life in space;2.5D;Adventure platformer with NO weapons OR the ability to kill enemies;The only way forwards is backwards;Die and retry !"
"2015/11/26 11:07:19 PM GMT+1","Multiplexer;Black and White;low resolution"
"2015/11/26 11:09:51 PM GMT+1","immortality;Indirect Control;Disconnected;игра про медведей;Symmetry"
"2015/11/26 11:50:38 PM GMT+1","Banana;cats / kittens;Goats;EVERYTHING IS BASIC SHAPES (like circle or triangle or something, no artist budget needed!);No, this direction!"
"2015/11/27 12:22:26 AM GMT+1","Double life;hunt;Bob Ross;Historic figures;Time Travel"
"2015/11/27 4:25:20 AM GMT+1","monsters;simulation;Dungeon;magic;3 Items"
"2015/11/27 4:37:53 AM GMT+1","facebook game"
"2015/11/27 4:58:25 AM GMT+1","backwards;This fruit is poisoned"
"2015/11/27 5:15:32 AM GMT+1","Black and White;monsters;evolution;Dragons;facebook game"
"2015/11/27 6:34:29 AM GMT+1","monsters;Dragons;AutoRunner;low gravity;modern game in old fashion manner‮"
"2015/11/27 6:59:53 AM GMT+1","Multiplexer;2.5D;My monkey is funky;Goats;Time Travel"
"2015/11/27 9:07:03 AM GMT+1","low resolution;Binary Tree;co-op;Election;karma"
"2015/11/27 12:04:20 PM GMT+1","monsters;Day and Night;low gravity;Gluten-free hipster;Our solar system"
"2015/11/27 4:03:32 PM GMT+1","where's my fucking pony?;Game-ception;One button/input only;Buggy;the looser is the true winner"
"2015/11/27 4:46:00 PM GMT+1","Stealth;Potato;Music;игра про медведей;bears are going extinct"
"2015/11/27 6:39:44 PM GMT+1","Black and White;evolution;farming;magic;Winter Games Style sports compilation"
"2015/11/27 6:41:15 PM GMT+1","RPG"
"2015/11/27 7:07:55 PM GMT+1","Black and White;Gluten-free hipster;Option 185"
"2015/11/27 8:02:37 PM GMT+1","Black and White;Binary Tree;Indirect Control;One button/input only;EVERYTHING IS BASIC SHAPES (like circle or triangle or something, no artist budget needed!)"
"2015/11/27 8:31:27 PM GMT+1","Black and White;Double life;In the Darkness;RPG;Steampunk"
"2015/11/27 9:11:48 PM GMT+1","Black and White;Chickenpocalypse;RPG;Disconnected"
"2015/11/27 10:09:00 PM GMT+1","Black and White"
"2015/11/27 10:16:11 PM GMT+1","monsters;Impossible;magic;co-op;Music"
"2015/11/27 10:18:50 PM GMT+1","Dungeon;One button/input only;AutoRunner;Text based (at most, ascii art);physics"
"2015/11/28 2:27:44 AM GMT+1","evolution;where's my fucking pony?;And nothing bad happened YET!;Heavy metal bed time;The only way forwards is backwards"
"2015/11/28 3:12:12 AM GMT+1","Black and White;Hacktivism/Hacker;co-op;Electron;the looser is the true winner"
"2015/11/28 7:39:03 AM GMT+1","Black and White;low resolution;evolution;Day and Night;Cassette"
"2015/11/28 8:26:55 AM GMT+1","4/6 Elements;Double life;Impossible;Time Travel"
"2015/11/28 3:49:52 PM GMT+1","bears are going extinct;Large Genre Collider;Time Travel"
"2015/11/28 5:26:30 PM GMT+1","low resolution;evolution;Sandbox;Creatures of the Night;RPG"
"2015/11/28 6:35:43 PM GMT+1","where's my fucking pony?;Ikea all the things;Self destruction;Gluten-free hipster;modern game in old fashion manner‮"
"2015/11/28 6:44:52 PM GMT+1","Black and White;where's my fucking pony?;Google docs simulator;The only way forwards is backwards;äkta människor"
"2015/11/28 7:15:49 PM GMT+1","Dank meme game;Spooky skeletons;Dank memes;Large Genre Collider;Option 185"
"2015/11/28 9:20:56 PM GMT+1","where's my fucking pony?;Bread of death;Heavy metal bed time;No pixelart!;Adventure platformer with NO weapons OR the ability to kill enemies"
"2015/11/29 5:13:32 AM GMT+1","simulation;2.5D;magic;RPG;Symmetry"
"2015/11/29 3:10:48 PM GMT+1","Black and White;monsters;Potato;Dungeon;Pirates / Piracy"
"2015/11/29 4:17:47 PM GMT+1","4/6 Elements;life in space;low resolution;One button/input only;Electron"
"2015/11/29 6:40:23 PM GMT+1","Juice;Avoid the rain!;School;Impossible;Goats"
"2015/11/29 7:04:05 PM GMT+1","Black and White;low resolution;Steampunk;low gravity"
"2015/11/29 8:00:31 PM GMT+1","Black and White;last one standing;life in space;low resolution;local co-op"
"2015/11/29 9:13:49 PM GMT+1","where's my fucking pony?;Heavy metal bed time;Hacktivism/Hacker;Steampunk;Symmetry"
"2015/11/29 9:27:22 PM GMT+1","One button/input only;AutoRunner;Speedrun;This game hates you!;This fruit is poisoned"
"2015/11/30 8:15:25 AM GMT+1","India;2.5D;java1.6;physics;Mario's Bob"
"2015/11/30 8:30:53 AM GMT+1","life in space;breeding animals;low resolution;evolution;simulation"
"2015/11/30 10:22:29 AM GMT+1","evolution;backwards;Day and Night;Deeper and Deeper;Disconnected"
"2015/11/30 10:59:07 AM GMT+1","Communist Revolution"
"2015/11/30 3:15:05 PM GMT+1","Black and White;Banana;Stealth;Creatures of the Night;Potato"
"2015/11/30 3:39:42 PM GMT+1","Inverted Physics;No pixelart!;100% science based MMO with evolution;Steampunk;Pirates / Piracy"
"2015/11/30 3:40:59 PM GMT+1","Plank;Ikea all the things;rage quit;modern game in old fashion manner‮;local co-op"
"2015/11/30 4:43:17 PM GMT+1","Cheetahmen III;Cooking;No pixelart!;Mudkips;cardboard box"
"2015/11/30 4:54:47 PM GMT+1","hunt;where's my fucking pony?;Emus;Emus;Liquor smuggler. If you get caught, they throw you with a catapult"
"2015/11/30 5:04:35 PM GMT+1","3 Items;игра про медведей;Family;Self destruction;the looser is the true winner"
"2015/11/30 5:08:08 PM GMT+1","farming;Steampunk;Bob Ross;robot masters;bears are going extinct"
"2015/11/30 5:17:37 PM GMT+1","life in space;evolution;Banana;2.5D;Pirates / Piracy"
"2015/11/30 5:40:00 PM GMT+1","Cassette;java1.4;What if?;Time Travel"
"2015/11/30 6:16:00 PM GMT+1","Multiplexer;Cheetahmen III;Black and White;4/6 Elements;Impossible"
"2015/11/30 6:34:11 PM GMT+1","yoyos;Bread of death;Heavy metal bed time;Inverted Physics;bonus ducks"
"2015/11/30 6:53:34 PM GMT+1","Inverted Physics;EVERYTHING IS BASIC SHAPES (like circle or triangle or something, no artist budget needed!);Reverse Controls;Time paradox;the looser is the true winner"
"2015/11/30 7:00:08 PM GMT+1","Black and White;Hacktivism/Hacker;Indirect Control;Breaking the 4th wall;Our solar system"
"2015/11/30 7:05:07 PM GMT+1","Black and White;Stealth;Potato;Time Travel;Our solar system"
"2015/11/30 7:44:28 PM GMT+1","life in space;low resolution;evolution;Time Difference;Deserted Island"
"2015/11/30 8:12:58 PM GMT+1","Black and White;Stealth;Creatures of the Night;Fast-paced"
"2015/11/30 8:51:12 PM GMT+1","breeding animals;farming;simulation;One button/input only;What if?"
"2015/11/30 8:57:05 PM GMT+1","Black and White;breeding animals;EVERYTHING IS BASIC SHAPES (like circle or triangle or something, no artist budget needed!);Family"
"2015/11/30 9:01:01 PM GMT+1","where's my fucking pony?;Banana;Emus;Emus;LibGDX was a mistake"
"2015/11/30 9:09:55 PM GMT+1","One button/input only;co-op;Steampunk;time travel;local co-op"
"2015/11/30 9:56:45 PM GMT+1","where's my fucking pony?;No pixelart!;3 Items;What if?;twisting classic games/genres"
"2015/11/30 10:04:39 PM GMT+1","Cheetahmen III;Banana;Cooking;No pixelart!;cardboard box"
"2015/11/30 10:11:19 PM GMT+1","EVERYTHING IS BASIC SHAPES (like circle or triangle or something, no artist budget needed!);Time paradox;time travel"
"2015/11/30 10:23:46 PM GMT+1","low resolution;School;Hacktivism/Hacker;Programmer superhero;Communist Revolution"
"2015/11/30 11:57:35 PM GMT+1","Dragons;Chickenpocalypse;One button/input only;What if?;This fruit is poisoned"
"2015/11/30 11:59:23 PM GMT+1","monsters;Rectangle wars;EVERYTHING IS BASIC SHAPES (like circle or triangle or something, no artist budget needed!);physics;Zombies"
"2015/12/01 12:09:04 AM GMT+1","Heavy metal bed time;School;simulation;Goats;Buggy"
"2015/12/01 1:51:44 AM GMT+1","life in space;Steampunk;Zombies;Time Travel;local co-op"
"2015/12/01 2:37:54 AM GMT+1","Day and Night;Zombies;Duel to the death!;Time Travel;Medieval and Future Weapons"
"2015/12/01 3:15:49 AM GMT+1","Dragons;Juice;Coffe;Self destruction;Vertical"
"2015/12/01 5:55:27 AM GMT+1","Black and White;monsters;farming;Stealth"
"2015/12/01 5:58:39 AM GMT+1","evolution;immortality;Hacktivism/Hacker;Buggy;EVERYTHING IS BASIC SHAPES (like circle or triangle or something, no artist budget needed!)"
"2015/12/01 9:21:04 AM GMT+1","life in space;against instincts;And nothing bad happened YET!;Election;Bob Ross"
"2015/12/01 10:57:08 AM GMT+1","4/6 Elements;low resolution;where's my fucking pony?;Binary Tree;Buggy"
"2015/12/01 11:17:16 AM GMT+1","Multiplexer;Black and White;life in space;evolution;where's my fucking pony?"
"2015/12/01 11:44:43 AM GMT+1","Alphabetical team fighting;Rectangle wars;Picking coins up from a flat surface simulator;bears are going extinct;This fruit is poisoned"
"2015/12/01 1:29:11 PM GMT+1","hunt;immortality;India;My monkey is funky;Family"
"2015/12/01 1:32:07 PM GMT+1","4/6 Elements;rage quit;local co-op"
"2015/12/01 1:43:58 PM GMT+1","Double life;Stealth;Fast-paced;Text based (at most, ascii art);Vertical"
"2015/12/01 1:51:00 PM GMT+1","monsters;immortality;Game-ception;Steampunk;local co-op"
"2015/12/01 1:52:50 PM GMT+1","hunt;Police"
"2015/12/01 2:07:57 PM GMT+1","Black and White;life in space;evolution;Deeper and Deeper;Time paradox"
"2015/12/01 2:28:18 PM GMT+1","evolution;One button/input only;Duel to the death!;Vertical"
"2015/12/01 7:59:06 PM GMT+1","Spooky skeletons;Reverse Controls;Text based (at most, ascii art)"
"2015/12/01 8:05:27 PM GMT+1","evolution;Do unto others...;Fast-paced;EVERYTHING IS BASIC SHAPES (like circle or triangle or something, no artist budget needed!);Picking coins up from a flat surface simulator"
"2015/12/01 9:24:06 PM GMT+1","Stealth;Cooking;Buggy;Dank memes;Time Travel"
"2015/12/01 9:56:06 PM GMT+1","life in space;Chickenpocalypse;Indirect Control;karma;Friendship"
"2015/12/01 10:06:52 PM GMT+1","life in space;low resolution;Creatures of the Night;Pirates / Piracy;time travel"
"2015/12/02 5:08:34 AM GMT+1","Day and Night;One button/input only;Rythm;Programmer superhero;Duel to the death!"
"2015/12/02 9:17:20 AM GMT+1","where's my fucking pony?;And nothing bad happened YET!;Deeper and Deeper;One button/input only;EVERYTHING IS BASIC SHAPES (like circle or triangle or something, no artist budget needed!)"
"2015/12/02 12:28:55 PM GMT+1","simulation;Dungeon"
"2015/12/02 1:02:13 PM GMT+1","where's my fucking pony?;And nothing bad happened YET!;Chickenpocalypse;Spooky skeletons;This game hates you!"
"2015/12/02 1:46:23 PM GMT+1","Creatures of the Night;Indirect Control;One button/input only;Heart, heart, heart;Text based (at most, ascii art)"
"2015/12/02 5:38:24 PM GMT+1","life in space;Deeper and Deeper;Steampunk;Pirates / Piracy;Zombies"
"2015/12/02 6:41:59 PM GMT+1","Black and White;low resolution;Rythm;Music;Limited colors"
"2015/12/02 7:26:58 PM GMT+1","Black and White;Heavy metal bed time;In the Darkness;Music;twisting classic games/genres"
"2015/12/02 7:52:03 PM GMT+1","low resolution;India;Die and retry !;Vertical;This fruit is poisoned"
"2015/12/02 8:08:19 PM GMT+1","low resolution;One button/input only;micro payments;Die and retry !;Social media simulator"
"2015/12/03 1:59:34 AM GMT+1","life in space;Inverted Physics;Adventure platformer with NO weapons OR the ability to kill enemies;This game hates you!;the looser is the true winner"
"2015/12/03 10:25:19 AM GMT+1","Sandbox;Inverted Physics;Hacktivism/Hacker;RPG;Election"
"2015/12/03 7:43:14 PM GMT+1","Double life;last one standing;Heavy metal bed time;Hacktivism/Hacker;Interactive text adventure"
"2015/12/03 8:24:05 PM GMT+1","life in space;where's my fucking pony?;Hacktivism/Hacker;One button/input only;time travel"
"2015/12/03 10:40:12 PM GMT+1","Adventure platformer with NO weapons OR the ability to kill enemies"
"2015/12/04 2:05:37 AM GMT+1","last one standing;breeding animals;farming;Dank memes;Bob Ross"
"2015/12/04 5:18:13 AM GMT+1","->Your princess is in another castle!<-;3 Items;modern game in old fashion manner‮;Medieval and Future Weapons;This fruit is poisoned"
"2015/12/04 5:59:56 AM GMT+1","where's my fucking pony?;java1.6;LibGDX was a mistake;java1.4;Option 185"
"2015/12/04 7:14:28 AM GMT+1","Creatures of the Night;Dungeon;Die and retry !;Time Travel;This fruit is poisoned"
"2015/12/04 9:23:31 AM GMT+1","life in space;low resolution;One button/input only;AutoRunner;time travel"
"2015/12/04 9:47:48 AM GMT+1","Avoid the rain!;Alphabetical team fighting;AutoRunner;co-op;micro payments"
"2015/12/04 12:36:26 PM GMT+1","hunt;breeding animals;evolution;farming;No pixelart!"
"2015/12/04 2:15:32 PM GMT+1","India"
"2015/12/04 2:16:42 PM GMT+1","Black and White;Banana;co-op;Bucket;time travel"
"2015/12/04 3:19:43 PM GMT+1","Black and White;immortality;Grappling hook?;RPG;local co-op"
"2015/12/04 6:51:17 PM GMT+1","Communist Revolution"
"2015/12/04 7:38:18 PM GMT+1","EVERYTHING IS BASIC SHAPES (like circle or triangle or something, no artist budget needed!);physics;Die and retry !;rage quit;This game hates you!"
"2015/12/04 8:33:29 PM GMT+1","EVERYTHING IS BASIC SHAPES (like circle or triangle or something, no artist budget needed!)"
"2015/12/04 8:42:17 PM GMT+1","Dragons;Stealth;Dungeon;RPG;Medieval and Future Weapons"
"2015/12/04 9:02:55 PM GMT+1","Black and White;magic;In the Darkness;java1.4;Time Travel"
"2015/12/04 10:29:11 PM GMT+1","Black and White;monsters;Banana;Stealth;Inverted Physics"
"2015/12/04 11:23:11 PM GMT+1","against instincts;Fast-paced;Dungeon;magic;3 Items"
"2015/12/05 12:08:27 AM GMT+1","Black and White;Bob Ross;LibGDX was a mistake;Breaking the 4th wall;Medieval and Future Weapons"
"2015/12/05 3:50:37 AM GMT+1","Deeper and Deeper;Adventure platformer with NO weapons OR the ability to kill enemies;RPG;Interactive text adventure;This game hates you!"
"2015/12/05 9:58:50 AM GMT+1","4/6 Elements;3 Items;äkta människor;instant death;Time Travel"
"2015/12/05 12:33:48 PM GMT+1","life in space;Inverted Physics;Indirect Control;Dank memes;Breaking the 4th wall"
"2015/12/05 12:47:12 PM GMT+1","4/6 Elements;evolution;And nothing bad happened YET!;Limited colors;No, this direction!"
"2015/12/05 12:52:26 PM GMT+1","breeding animals;India;Cooking;->Your princess is in another castle!<-;Chickenpocalypse"
"2015/12/05 12:59:55 PM GMT+1","Dragons;where's my fucking pony?;Creatures of the Night;Chickenpocalypse;Survival horror"
"2015/12/05 4:43:51 PM GMT+1","Black and White;Sandbox;Juice;Impossible;rage quit"
"2015/12/05 8:46:20 PM GMT+1","last one standing;where's my fucking pony?;School;Alphabetical team fighting;2.5D"
"2015/12/05 8:50:02 PM GMT+1","One button/input only;AutoRunner;100% science based MMO with evolution;EVERYTHING IS BASIC SHAPES (like circle or triangle or something, no artist budget needed!);physics"
"2015/12/06 12:57:32 AM GMT+1","Multiplexer;Black and White;4/6 Elements;last one standing;life in space"
"2015/12/06 8:17:02 AM GMT+1","where's my fucking pony?"
"2015/12/06 12:09:32 PM GMT+1","local co-op"
"2015/12/06 1:08:54 PM GMT+1","life in space;Fast-paced;Hacktivism/Hacker;Survival horror;physics"
"2015/12/06 2:00:49 PM GMT+1","evolution;farming;No pixelart!;Theme park;co-op"
"2015/12/06 4:53:25 PM GMT+1","Option 185"
"2015/12/06 8:57:11 PM GMT+1","Double life;monsters;last one standing;Fast-paced;Liquor smuggler. If you get caught, they throw you with a catapult"
"2015/12/06 11:56:11 PM GMT+1","Double life;Avoid the rain!;Deeper and Deeper;Election;karma"
"2015/12/07 12:03:51 AM GMT+1","Rythm;Music;Zombies;Friendship;Programmer superhero"
"2015/12/07 2:55:30 AM GMT+1","where's my fucking pony?;And nothing bad happened YET!;Alphabetical team fighting;I like to move it, move it;EVERYTHING IS BASIC SHAPES (like circle or triangle or something, no artist budget needed!)"
"2015/12/07 8:17:30 AM GMT+1","against instincts;where's my fucking pony?;Large Genre Collider;modern game in old fashion manner‮;Option 185"
"2015/12/07 12:37:52 PM GMT+1","Black and White;where's my fucking pony?;Dank meme game;Mudkips;twisting classic games/genres"
"2015/12/07 1:37:54 PM GMT+1","monsters;hunt;evolution;Stealth;2.5D"
"2015/12/07 3:02:47 PM GMT+1","No pixelart!;->Your princess is in another castle!<-;magic;Cats;Winter Games Style sports compilation"
"2015/12/07 7:58:39 PM GMT+1","monsters;Dragons;yoyos;Banana;magic"
"2015/12/07 9:09:50 PM GMT+1","monsters;evolution;Dragons;Sandbox;RPG"
"2015/12/07 9:35:44 PM GMT+1","life in space;where's my fucking pony?;Stealth;bonus ducks;3 Items"
"2015/12/08 1:25:42 AM GMT+1","low resolution;Stealth;Text based (at most, ascii art);Missing piece;local co-op"
"2015/12/08 5:37:37 AM GMT+1","life in space;low resolution;Dragons;India;This fruit is poisoned"
"2015/12/08 7:12:47 AM GMT+1","immortality;->Your princess is in another castle!<-;EVERYTHING IS BASIC SHAPES (like circle or triangle or something, no artist budget needed!);karma;Han always shoots first"
"2015/12/08 7:40:25 AM GMT+1","life in space;evolution;Chickenpocalypse;Steampunk;Pirates / Piracy"
"2015/12/08 7:43:19 AM GMT+1","Steampunk;Pirates / Piracy;Interactive text adventure;This game hates you!;Medieval and Future Weapons"
"2015/12/08 8:19:10 AM GMT+1","monsters;last one standing;low resolution;immortality;2.5D"
"2015/12/08 10:24:30 AM GMT+1","monsters;One button/input only;Zombies;Medieval and Future Weapons"
"2015/12/08 11:57:30 AM GMT+1","yoyos;Banana;Potato;Rythm;Symmetry"
"2015/12/08 2:32:24 PM GMT+1","last one standing;evolution;farming;against instincts"
"2015/12/08 5:24:59 PM GMT+1","Time paradox;Interactive text adventure;time travel;Historic figures;Time Travel"
"2015/12/08 6:19:00 PM GMT+1","Black and White;monsters;evolution;farming;Dragons"
"2015/12/09 12:28:56 AM GMT+1","And nothing bad happened YET!;EVERYTHING IS BASIC SHAPES (like circle or triangle or something, no artist budget needed!);local co-op"
"2015/12/09 12:29:09 AM GMT+1","monsters;life in space;breeding animals;RPG;Coffe"
"2015/12/09 12:44:09 AM GMT+1","Heavy metal bed time;Creatures of the Night;EVERYTHING IS BASIC SHAPES (like circle or triangle or something, no artist budget needed!);Die and retry !;Communist Revolution"
"2015/12/09 8:08:47 AM GMT+1","Black and White;monsters;life in space;Last game on the Earth;low gravity"
"2015/12/09 8:35:04 AM GMT+1","karma"
"2015/12/09 12:25:47 PM GMT+1","co-op;local co-op"
"2015/12/09 1:25:23 PM GMT+1","monsters;life in space;Creatures of the Night;Dungeon"
"2015/12/09 1:32:30 PM GMT+1","Multiplexer;Black and White;low resolution;evolution;immortality"
"2015/12/09 3:01:49 PM GMT+1","magic;Cats;co-op;RPG;Speedrun"
"2015/12/09 4:12:31 PM GMT+1","life in space;One button/input only;Survival horror;Zombies;local co-op"
"2015/12/09 4:24:58 PM GMT+1","magic;Time Travel"
"2015/12/09 4:26:40 PM GMT+1","Cheetahmen III;2.5D;karma;Retired Superheroes;Time paradox"
"2015/12/09 4:27:02 PM GMT+1","Black and White;Creatures of the Night"
"2015/12/09 4:38:46 PM GMT+1","Cheetahmen III;where's my fucking pony?;100% science based MMO with evolution;Dank memes;Option 185"
"2015/12/09 4:40:53 PM GMT+1","simulation;Ikea all the things;Communist Revolution"
"2015/12/09 5:20:59 PM GMT+1","Fast-paced;One button/input only;physics;rage quit;This game hates you!"
"2015/12/09 8:40:55 PM GMT+1","Limited colors;No, this direction!"
"2015/12/09 9:23:02 PM GMT+1","Limited colors;This game hates you!"
"2015/12/09 10:31:55 PM GMT+1","Black and White;low resolution;Avoid the rain!;Day and Night;Creatures of the Night"
"2015/12/10 2:38:53 AM GMT+1","Dank memes"
"2015/12/10 3:55:24 AM GMT+1","Black and White;life in space;What if?;Communist Revolution;Option 185"
"2015/12/10 5:06:03 AM GMT+1","immortality;Indirect Control;Adventure platformer with NO weapons OR the ability to kill enemies;modern game in old fashion manner‮;local co-op"
"2015/12/10 11:52:13 AM GMT+1","breeding animals;Dragons;Heavy metal bed time;No pixelart!;Steampunk"
"2015/12/10 12:00:23 PM GMT+1","Black and White;Double life;Day and Night;Steampunk;Symmetry"
"2015/12/10 3:39:56 PM GMT+1","2.5D;Buggy"
"2015/12/10 5:04:39 PM GMT+1","Sandbox;Day and Night;Dungeon;Time Travel;local co-op"
"2015/12/10 5:09:35 PM GMT+1","EVERYTHING IS BASIC SHAPES (like circle or triangle or something, no artist budget needed!);RPG;Die and retry !;This game hates you!;Self destruction"
"2015/12/10 5:25:02 PM GMT+1","Sandbox;simulation;2.5D;No pixelart!;Medieval and Future Weapons"
"2015/12/10 5:37:56 PM GMT+1","life in space;low resolution;One button/input only"
"2015/12/10 7:54:36 PM GMT+1","last one standing;I like to move it, move it;Time paradox;Self destruction;Option 185"
"2015/12/10 9:51:39 PM GMT+1","Dragons;Sandbox;2.5D;Communist Revolution;Our solar system"
"2015/12/10 11:09:54 PM GMT+1","One button/input only;EVERYTHING IS BASIC SHAPES (like circle or triangle or something, no artist budget needed!);RPG;Programmer superhero;time travel"
"2015/12/10 11:16:26 PM GMT+1","Double life;life in space;Dragons;backwards;And nothing bad happened YET!"
"2015/12/10 11:23:49 PM GMT+1","monsters;low resolution;simulation;Dungeon;Deserted Island"
"2015/12/11 1:41:29 AM GMT+1","Black and White;evolution;Deeper and Deeper;Limited colors"
"2015/12/11 2:13:48 AM GMT+1","last one standing;Stealth;Indirect Control;In the Darkness;The only way forwards is backwards"
"2015/12/11 3:37:07 AM GMT+1","life in space;Deeper and Deeper;Indirect Control;Die and retry !;This game hates you!"
"2015/12/11 3:54:31 AM GMT+1","4/6 Elements;Deeper and Deeper;Dungeon;Large Genre Collider;Medieval and Future Weapons"
"2015/12/11 4:08:54 AM GMT+1","Survival horror;RPG;rage quit;Zombies"
"2015/12/11 5:10:18 AM GMT+1","low resolution;EVERYTHING IS BASIC SHAPES (like circle or triangle or something, no artist budget needed!);There's at least one. Or is there?;the looser is the true winner;Symmetry"
"2015/12/11 8:59:07 AM GMT+1","cats / kittens;100% science based MMO with evolution;LibGDX was a mistake;time travel;bears are going extinct"
"2015/12/11 9:13:15 AM GMT+1","Multiplexer;I like to move it, move it;AutoRunner;Retired Superheroes;Programmer superhero"
"2015/12/11 10:17:51 AM GMT+1","AutoRunner;Rectangle wars;physics;Speedrun;the looser is the true winner"
"2015/12/11 1:59:55 PM GMT+1","breeding animals;Police;EVERYTHING IS BASIC SHAPES (like circle or triangle or something, no artist budget needed!);Text based (at most, ascii art);This fruit is poisoned"
"2015/12/11 3:02:16 PM GMT+1","Multiplexer;Binary Tree;Theme park;Bob Ross;Papaya"
"2015/12/11 3:24:52 PM GMT+1","backwards;2.5D;Adventure platformer with NO weapons OR the ability to kill enemies;One button/input only;Option 185"
"2015/12/11 3:58:41 PM GMT+1","Black and White;Survival horror;Steampunk;Programmer superhero;modern game in old fashion manner‮"
"2015/12/11 4:17:50 PM GMT+1","Day and Night;Deeper and Deeper;2.5D;Rectangle wars;Our solar system"
"2015/12/11 4:22:05 PM GMT+1","Alphabetical team fighting;Game-ception;EVERYTHING IS BASIC SHAPES (like circle or triangle or something, no artist budget needed!)"
"2015/12/11 4:29:23 PM GMT+1","Multiplexer;Cheetahmen III;Black and White;4/6 Elements;Double life"
"2015/12/11 5:23:53 PM GMT+1","life in space;Inverted Physics;2.5D;time travel;local co-op"
"2015/12/11 6:03:14 PM GMT+1","life in space;breeding animals;evolution;simulation;Cats"
"2015/12/11 6:37:20 PM GMT+1","co-op;Speedrun;Die and retry !;Duel to the death!;Medieval and Future Weapons"
"2015/12/11 6:40:09 PM GMT+1","Inverted Physics;Hacktivism/Hacker;Adventure platformer with NO weapons OR the ability to kill enemies;#4b6fad is the new black!;Medieval and Future Weapons"
"2015/12/11 7:28:53 PM GMT+1","Black and White;Heavy metal bed time;Goats;Dungeon;RPG"
"2015/12/11 9:03:24 PM GMT+1","Double life;breeding animals;Sandbox;Goats;rage quit"
"2015/12/11 9:22:34 PM GMT+1","Black and White;breeding animals;Stealth;Deeper and Deeper;simulation"
"2015/12/11 10:43:23 PM GMT+1","Black and White;life in space;evolution;No pixelart!;Text based (at most, ascii art)"
"2015/12/11 10:45:37 PM GMT+1","Sandbox;Day and Night;Creatures of the Night;Speedrun;time travel"
"2015/12/11 11:21:35 PM GMT+1","life in space;evolution;rage quit;No, this direction!"
"2015/12/12 12:17:59 AM GMT+1","EVERYTHING IS BASIC SHAPES (like circle or triangle or something, no artist budget needed!);Interactive text adventure;robot masters;Han always shoots first;Time Travel"
"2015/12/12 12:25:55 AM GMT+1","School;Sports;Sports;Self destruction;local co-op"
"2015/12/12 12:40:46 AM GMT+1","where's my fucking pony?;Day and Night;Steampunk;Missing piece;Die and retry !"
"2015/12/12 1:23:32 AM GMT+1","low resolution;farming;Banana;Hacktivism/Hacker;Programmer superhero"
"2015/12/12 2:45:37 AM GMT+1","Multiplexer;Black and White;life in space;Day and Night"
"2015/12/12 9:11:03 AM GMT+1","life in space;Chickenpocalypse;Theme park;Dungeon;Cheese maker"
"2015/12/12 1:29:49 PM GMT+1","immortality;Bob Ross;Disconnected;Ikea all the things;What if?"
"2015/12/12 1:39:25 PM GMT+1","EVERYTHING IS BASIC SHAPES (like circle or triangle or something, no artist budget needed!);physics"
"2015/12/12 3:11:47 PM GMT+1","4/6 Elements;monsters;Dragons;2.5D;RPG"
"2015/12/12 4:11:01 PM GMT+1","Multiplexer;Cheetahmen III;Black and White;yoyos;Coffe"
"2015/12/12 4:42:13 PM GMT+1","farming;where's my fucking pony?;School;Election;Pirates / Piracy"
"2015/12/13 1:17:13 AM GMT+1","4/6 Elements;Inverted Physics;->Your princess is in another castle!<-;selling d scim 30k;LibGDX was a mistake"